<?xml version="1.0" encoding="UTF-8"?>
<manifest>

  <remote  name="aosp"
           fetch="https://android.googlesource.com"
           review="android-review.googlesource.com" />

  <remote  name="github"
           fetch=".."
           review="review.lineageos.org" />

  <remote  name="private"
           fetch="ssh://git@github.com" />

  <default revision="refs/heads/cm-11.0"
           remote="github"
           sync-c="true"
           sync-j="4" />

  <project path="build" name="LineageOS/android_build" groups="pdk" >
    <copyfile src="core/root.mk" dest="Makefile" />
  </project>

  <project path="android" name="LineageOS/android" />

  <project path="abi/cpp" name="LineageOS/android_abi_cpp" groups="pdk" />
  <project path="art" name="LineageOS/android_art" />
  <project path="bionic" name="LineageOS/android_bionic" groups="pdk" />
  <project path="bootable/diskinstaller" name="LineageOS/android_bootable_diskinstaller" />
  <project path="bootable/recovery" name="LineageOS/android_bootable_recovery" />
  <project path="bootable/recovery-cm" name="LineageOS/android_bootable_recovery-cm" />
  <project path="cts" name="platform/cts" remote="aosp" revision="refs/tags/android-4.4.4_r2.0.1" groups="cts" />
  <project path="dalvik" name="LineageOS/android_dalvik" />
  <project path="developers/build" name="platform/developers/build" remote="aosp" revision="refs/tags/android-4.4.4_r2.0.1" />
  <project path="developers/demos" name="platform/developers/demos" remote="aosp" revision="refs/tags/android-4.4.4_r2.0.1" />
  <project path="developers/docs" name="platform/developers/docs" remote="aosp" revision="refs/tags/android-4.4.4_r2.0.1" />
  <project path="developers/samples/android" name="platform/developers/samples/android" remote="aosp" revision="refs/tags/android-4.4.4_r2.0.1" />
  <project path="development" name="LineageOS/android_development" />
  <project path="device/common" name="LineageOS/android_device_common" />
  <project path="device/generic/armv7-a-neon" name="LineageOS/android_device_generic_armv7-a-neon" groups="pdk" />
  <project path="device/generic/common" name="LineageOS/android_device_generic_common" groups="pdk" />
  <project path="device/generic/goldfish" name="LineageOS/android_device_generic_goldfish" groups="pdk" />
  <project path="device/generic/mips" name="LineageOS/android_device_generic_mips" groups="pdk" />
  <project path="device/generic/x86" name="LineageOS/android_device_generic_x86" groups="pdk" />
  <project path="device/generic/mini-emulator-armv7-a-neon" name="device/generic/mini-emulator-armv7-a-neon" groups="pdk" remote="aosp" revision="refs/tags/android-4.4.4_r2.0.1" />
  <project path="device/generic/mini-emulator-mips" name="device/generic/mini-emulator-mips" groups="pdk" remote="aosp" revision="refs/tags/android-4.4.4_r2.0.1" />
  <project path="device/generic/mini-emulator-x86" name="device/generic/mini-emulator-x86" groups="pdk" remote="aosp" revision="refs/tags/android-4.4.4_r2.0.1" />
  <project path="device/google/accessory/arduino" name="LineageOS/android_device_google_accessory_arduino" groups="device" />
  <project path="device/google/accessory/demokit" name="LineageOS/android_device_google_accessory_demokit" groups="device" />
  <project path="device/sample" name="LineageOS/android_device_sample" groups="device" />
  <project path="docs/source.android.com" name="platform/docs/source.android.com" remote="aosp" revision="refs/tags/android-4.4.4_r2.0.1" />
  <project path="external/aac" name="LineageOS/android_external_aac" groups="pdk" />
  <project path="external/android-clat" name="LineageOS/android_external_android-clat" />
  <project path="external/android-mock" name="LineageOS/android_external_android-mock" />
  <project path="external/android-visualizer" name="LineageOS/android_external_android-visualizer" />
  <project path="external/ant-glob" name="LineageOS/android_external_ant-glob" />
  <project path="external/ant-wireless/ant_native" name="LineageOS/android_external_ant-wireless_ant_native" />
  <project path="external/ant-wireless/ant_service" name="LineageOS/android_external_ant-wireless_ant_service" />
  <project path="external/ant-wireless/antradio-library" name="LineageOS/android_external_ant-wireless_antradio-library" />
  <project path="external/antlr" name="LineageOS/android_external_antlr" />
  <project path="external/apache-harmony" name="LineageOS/android_external_apache-harmony" />
  <project path="external/apache-http" name="LineageOS/android_external_apache-http" />
  <project path="external/apache-qp" name="LineageOS/android_external_apache-qp" />
  <project path="external/apache-xml" name="LineageOS/android_external_apache-xml" />
  <project path="external/arduino" name="LineageOS/android_external_arduino" />
  <project path="external/bash" name="LineageOS/android_external_bash" />
  <project path="external/bison" name="LineageOS/android_external_bison" groups="pdk" />
  <project path="external/blktrace" name="LineageOS/android_external_blktrace" />
  <project path="external/bluetooth/bluedroid" name="LineageOS/android_external_bluetooth_bluedroid" groups="pdk" />
  <project path="external/bouncycastle" name="LineageOS/android_external_bouncycastle" />
  <project path="external/bsdiff" name="LineageOS/android_external_bsdiff" groups="pdk" />
  <project path="external/bson" name="LineageOS/android_external_bson" />
  <project path="external/busybox" name="LineageOS/android_external_busybox" />
  <project path="external/bzip2" name="LineageOS/android_external_bzip2" groups="pdk" />
  <project path="external/cardslib" name="LineageOS/android_external_cardslib" />
  <project path="external/ceres-solver" name="platform/external/ceres-solver" remote="aosp" revision="refs/tags/android-4.4.4_r2.0.1" />
  <project path="external/checkpolicy" name="LineageOS/android_external_checkpolicy" groups="pdk" />
  <project path="external/chromium" name="LineageOS/android_external_chromium" />
  <project path="external/chromium-libpac" name="platform/external/chromium-libpac" remote="aosp" revision="refs/tags/android-4.4.4_r2.0.1" />
  <project path="external/chromium-trace" name="LineageOS/android_external_chromium-trace" groups="pdk" />
  <project path="external/chromium_org" name="LineageOS/android_external_chromium_org" />
  <project path="external/chromium_org/sdch/open-vcdiff" name="platform/external/chromium_org/sdch/open-vcdiff" remote="aosp" revision="refs/tags/android-4.4.4_r2.0.1" />
  <project path="external/chromium_org/testing/gtest" name="platform/external/chromium_org/testing/gtest" remote="aosp" revision="refs/tags/android-4.4.4_r2.0.1" />
  <project path="external/chromium_org/third_party/WebKit" name="platform/external/chromium_org/third_party/WebKit" remote="aosp" revision="refs/tags/android-4.4.4_r2.0.1" />
  <project path="external/chromium_org/third_party/angle" name="platform/external/chromium_org/third_party/angle" remote="aosp" revision="refs/tags/android-4.4.4_r2.0.1" />
  <project path="external/chromium_org/third_party/eyesfree/src/android/java/src/com/googlecode/eyesfree/braille" name="platform/external/chromium_org/third_party/eyesfree/src/android/java/src/com/googlecode/eyesfree/braille" remote="aosp" revision="refs/tags/android-4.4.4_r2.0.1" />
  <project path="external/chromium_org/third_party/freetype" name="platform/external/chromium_org/third_party/freetype" remote="aosp" revision="refs/tags/android-4.4.4_r2.0.1" />
  <project path="external/chromium_org/third_party/icu" name="platform/external/chromium_org/third_party/icu" remote="aosp" revision="refs/tags/android-4.4.4_r2.0.1" />
  <project path="external/chromium_org/third_party/leveldatabase/src" name="platform/external/chromium_org/third_party/leveldatabase/src" remote="aosp" revision="refs/tags/android-4.4.4_r2.0.1" />
  <project path="external/chromium_org/third_party/libjingle/source/talk" name="platform/external/chromium_org/third_party/libjingle/source/talk" remote="aosp" revision="refs/tags/android-4.4.4_r2.0.1" />
  <project path="external/chromium_org/third_party/libphonenumber/src/phonenumbers" name="platform/external/chromium_org/third_party/libphonenumber/src/phonenumbers" remote="aosp" revision="refs/tags/android-4.4.4_r2.0.1" />
  <project path="external/chromium_org/third_party/libphonenumber/src/resources" name="platform/external/chromium_org/third_party/libphonenumber/src/resources" remote="aosp" revision="refs/tags/android-4.4.4_r2.0.1" />
  <project path="external/chromium_org/third_party/mesa/src" name="platform/external/chromium_org/third_party/mesa/src" remote="aosp" revision="refs/tags/android-4.4.4_r2.0.1" />
  <project path="external/chromium_org/third_party/openssl" name="LineageOS/android_external_chromium_org_third_party_openssl" />
  <project path="external/chromium_org/third_party/opus/src" name="platform/external/chromium_org/third_party/opus/src" remote="aosp" revision="refs/tags/android-4.4.4_r2.0.1" />
  <project path="external/chromium_org/third_party/ots" name="platform/external/chromium_org/third_party/ots" remote="aosp" revision="refs/tags/android-4.4.4_r2.0.1" />
  <project path="external/chromium_org/third_party/sfntly/cpp/src" name="platform/external/chromium_org/third_party/sfntly/cpp/src" remote="aosp" revision="refs/tags/android-4.4.4_r2.0.1" />
  <project path="external/chromium_org/third_party/skia/gyp" name="platform/external/chromium_org/third_party/skia/gyp" remote="aosp" revision="refs/tags/android-4.4.4_r2.0.1" />
  <project path="external/chromium_org/third_party/skia/include" name="platform/external/chromium_org/third_party/skia/include" remote="aosp" revision="refs/tags/android-4.4.4_r2.0.1" />
  <project path="external/chromium_org/third_party/skia/src" name="platform/external/chromium_org/third_party/skia/src" remote="aosp" revision="refs/tags/android-4.4.4_r2.0.1" />
  <project path="external/chromium_org/third_party/smhasher/src" name="platform/external/chromium_org/third_party/smhasher/src" remote="aosp" revision="refs/tags/android-4.4.4_r2.0.1" />
  <project path="external/chromium_org/third_party/yasm/source/patched-yasm" name="platform/external/chromium_org/third_party/yasm/source/patched-yasm" remote="aosp" revision="refs/tags/android-4.4.4_r2.0.1" />
  <project path="external/chromium_org/tools/grit" name="platform/external/chromium_org/tools/grit" remote="aosp" revision="refs/tags/android-4.4.4_r2.0.1" />
  <project path="external/chromium_org/tools/gyp" name="platform/external/chromium_org/tools/gyp" remote="aosp" revision="refs/tags/android-4.4.4_r2.0.1" />
  <project path="external/chromium_org/v8" name="platform/external/chromium_org/v8" remote="aosp" revision="refs/tags/android-4.4.4_r2.0.1" />
  <project path="external/clang" name="LineageOS/android_external_clang" groups="pdk" />
  <project path="external/compiler-rt" name="LineageOS/android_external_compiler-rt" groups="pdk" />
  <project path="external/connectivity" name="LineageOS/android_external_connectivity" />
  <project path="external/crda" name="LineageOS/android_external_crda" />
  <project path="external/curl" name="LineageOS/android_external_curl" />
  <project path="external/dexmaker" name="LineageOS/android_external_dexmaker" />
  <project path="external/dhcpcd" name="LineageOS/android_external_dhcpcd" />
  <project path="external/dnsmasq" name="LineageOS/android_external_dnsmasq" groups="pdk" />
  <project path="external/doclava" name="LineageOS/android_external_doclava" />
  <project path="external/dropbear" name="LineageOS/android_external_dropbear" />
  <project path="external/droiddriver" name="platform/external/droiddriver" remote="aosp" revision="refs/tags/android-4.4.4_r2.0.1" />
  <project path="external/e2fsprogs" name="LineageOS/android_external_e2fsprogs" groups="pdk" />
  <project path="external/easymock" name="LineageOS/android_external_easymock" />
  <project path="external/ebtables" name="LineageOS/android_external_ebtables" />
  <project path="external/eclipse-basebuilder" name="LineageOS/android_external_eclipse-basebuilder" />
  <project path="external/eclipse-windowbuilder" name="LineageOS/android_external_eclipse-windowbuilder" />
  <project path="external/elfutils" name="LineageOS/android_external_elfutils" />
  <project path="external/embunit" name="LineageOS/android_external_embunit" />
  <project path="external/emma" name="LineageOS/android_external_emma" />
  <project path="external/esd" name="LineageOS/android_external_esd" />
  <project path="external/exfat" name="LineageOS/android_external_exfat" />
  <project path="external/expat" name="LineageOS/android_external_expat" groups="pdk" />
  <project path="external/eyes-free" name="LineageOS/android_external_eyes-free" />
  <project path="external/f2fs-tools" name="LineageOS/android_external_f2fs-tools" />
  <project path="external/fdlibm" name="LineageOS/android_external_fdlibm" />
  <project path="external/ffmpeg" name="LineageOS/android_external_ffmpeg" />
  <project path="external/flac" name="LineageOS/android_external_flac" groups="pdk" />
  <project path="external/freetype" name="LineageOS/android_external_freetype" groups="pdk" />
  <project path="external/fsck_msdos" name="LineageOS/android_external_fsck_msdos" />
  <project path="external/fuse" name="LineageOS/android_external_fuse" />
  <project path="external/ganymed-ssh2" name="LineageOS/android_external_ganymed-ssh2" />
  <project path="external/gcc-demangle" name="LineageOS/android_external_gcc-demangle" groups="pdk" />
  <project path="external/genext2fs" name="LineageOS/android_external_genext2fs" />
  <project path="external/giflib" name="LineageOS/android_external_giflib" />
  <project path="external/google" name="LineageOS/android_external_google" />
  <project path="external/google-diff-match-patch" name="LineageOS/android_external_google-diff-match-patch" />
  <project path="external/grub" name="LineageOS/android_external_grub" />
  <project path="external/gson" name="LineageOS/android_external_gson" />
  <project path="external/gtest" name="LineageOS/android_external_gtest" groups="pdk" />
  <project path="external/guava" name="LineageOS/android_external_guava" />
  <project path="external/hamcrest" name="LineageOS/android_external_hamcrest" />
  <project path="external/harfbuzz" name="LineageOS/android_external_harfbuzz" />
  <project path="external/harfbuzz_ng" name="platform/external/harfbuzz_ng" remote="aosp" revision="refs/tags/android-4.4.4_r2.0.1" />
  <project path="external/heimdall" name="LineageOS/android_external_heimdall" />
  <project path="external/htop" name="LineageOS/android_external_htop" />
  <project path="external/hyphenation" name="LineageOS/android_external_hyphenation" />
  <project path="external/icu4c" name="LineageOS/android_external_icu4c" groups="pdk" />
  <project path="external/iproute2" name="LineageOS/android_external_iproute2" groups="pdk" />
  <project path="external/ipsec-tools" name="LineageOS/android_external_ipsec-tools" />
  <project path="external/iptables" name="LineageOS/android_external_iptables" />
  <project path="external/iputils" name="platform/external/iputils" remote="aosp" revision="refs/tags/android-4.4.4_r2.0.1" />
  <project path="external/jack" name="LineageOS/android_external_jack" />
  <project path="external/JakeWharton/butterknife" name="LineageOS/android_external_JakeWharton_butterknife" />
  <project path="external/javasqlite" name="LineageOS/android_external_javasqlite" />
  <project path="external/javassist" name="LineageOS/android_external_javassist" />
  <project path="external/jdiff" name="LineageOS/android_external_jdiff" />
  <project path="external/jhead" name="LineageOS/android_external_jhead" groups="pdk" />
  <project path="external/jmdns" name="LineageOS/android_external_jmdns" />
  <project path="external/jmonkeyengine" name="LineageOS/android_external_jmonkeyengine" />
  <project path="external/jpeg" name="LineageOS/android_external_jpeg" groups="pdk" />
  <project path="external/jsilver" name="LineageOS/android_external_jsilver" />
  <project path="external/jsr305" name="LineageOS/android_external_jsr305" />
  <project path="external/jsr308" name="LineageOS/android_external_jsr308" />
  <project path="external/jsr330" name="LineageOS/android_external_jsr330" />
  <project path="external/junit" name="LineageOS/android_external_junit" />
  <project path="external/kernel-headers" name="LineageOS/android_external_kernel-headers" />
  <project path="external/kissfft" name="LineageOS/android_external_kissfft" />
  <project path="external/koush/ion" name="LineageOS/ion" />
  <project path="external/koush/AndroidAsync" name="LineageOS/AndroidAsync" />
  <project path="external/koush/Superuser" name="LineageOS/Superuser" />
  <project path="external/koush/Widgets" name="LineageOS/Widgets" />
  <project path="external/libcap-ng" name="LineageOS/android_external_libcap-ng" />
  <project path="external/libexif" name="platform/external/libexif" remote="aosp" revision="refs/tags/android-4.4.4_r2.0.1" />
  <project path="external/libffi" name="LineageOS/android_external_libffi" />
  <project path="external/libgsm" name="LineageOS/android_external_libgsm" groups="pdk" />
  <project path="external/liblzf" name="LineageOS/android_external_liblzf" groups="pdk" />
  <project path="external/libmtp" name="LineageOS/android_external_libmtp" />
  <project path="external/libncurses" name="LineageOS/android_external_libncurses" />
  <project path="external/libnfc-nci" name="LineageOS/android_external_libnfc-nci" groups="pdk" />
  <project path="external/libnfc-nxp" name="LineageOS/android_external_libnfc-nxp" groups="pdk" />
  <project path="external/libnl-headers" name="LineageOS/android_external_libnl-headers" groups="pdk" />
  <project path="external/libogg" name="LineageOS/android_external_libogg" />
  <project path="external/libpcap" name="LineageOS/android_external_libpcap" />
  <project path="external/libphonenumber" name="LineageOS/android_external_libphonenumber" />
  <project path="external/libphonenumbergoogle" name="LineageOS/android_external_libphonenumbergoogle" />
  <project path="external/libpng" name="LineageOS/android_external_libpng" groups="pdk" />
  <project path="external/libppp" name="LineageOS/android_external_libppp" />
  <project path="external/libselinux" name="LineageOS/android_external_libselinux" groups="pdk" />
  <project path="external/libsepol" name="LineageOS/android_external_libsepol" groups="pdk" />
  <project path="external/libtar" name="LineageOS/android_external_libtar" />
  <project path="external/libtruezip" name="LineageOS/android_external_libtruezip" />
  <project path="external/libusb" name="LineageOS/android_external_libusb" />
  <project path="external/libusbx" name="LineageOS/android_external_libusbx" />
  <project path="external/libusb-compat" name="LineageOS/android_external_libusb-compat" />
  <project path="external/libssh2" name="platform/external/libssh2" remote="aosp" revision="refs/tags/android-4.4.4_r2.0.1" />
  <project path="external/libvorbis" name="LineageOS/android_external_libvorbis" />
  <project path="external/libvpx" name="LineageOS/android_external_libvpx" groups="pdk" />
  <project path="external/libxml2" name="LineageOS/android_external_libxml2" />
  <project path="external/libxslt" name="LineageOS/android_external_libxslt" />
  <project path="external/libyuv" name="LineageOS/android_external_libyuv" groups="libyuv" />
  <project path="external/linux-tools-perf" name="LineageOS/android_external_linux-tools-perf" />
  <project path="external/littlemock" name="LineageOS/android_external_littlemock" />
  <project path="external/llvm" name="LineageOS/android_external_llvm" groups="pdk" />
  <project path="external/lzma" name="platform/external/lzma" remote="aosp" revision="refs/tags/android-4.4.4_r2.0.1" />
  <project path="external/lsof" name="LineageOS/android_external_lsof" />
  <project path="external/lzo" name="LineageOS/android_external_lzo" />
  <project path="external/marisa-trie" name="platform/external/marisa-trie" remote="aosp" revision="refs/tags/android-4.4.4_r2.0.1" />
  <project path="external/markdown" name="LineageOS/android_external_markdown" />
  <project path="external/mdnsresponder" name="LineageOS/android_external_mdnsresponder" groups="pdk" />
  <project path="external/mesa3d" name="platform/external/mesa3d" remote="aosp" revision="refs/tags/android-4.4.4_r2.0.1" />
  <project path="external/mksh" name="LineageOS/android_external_mksh" groups="pdk" />
  <project path="external/mockito" name="platform/external/mockito" remote="aosp" revision="refs/tags/android-4.4.4_r2.0.1" />
  <project path="external/mockwebserver" name="LineageOS/android_external_mockwebserver" />
  <project path="external/mp4parser" name="LineageOS/android_external_mp4parser" />
  <project path="external/mtpd" name="LineageOS/android_external_mtpd" />
  <project path="external/nano" name="LineageOS/android_external_nano" />
  <project path="external/naver-fonts" name="LineageOS/android_external_naver-fonts" />
  <project path="external/netcat" name="LineageOS/android_external_netcat" />
  <project path="external/netperf" name="LineageOS/android_external_netperf" />
  <project path="external/neven" name="LineageOS/android_external_neven" />
  <project path="external/nist-pkits" name="platform/external/nist-pkits" remote="aosp" revision="refs/tags/android-4.4.4_r2.0.1" />
  <project path="external/nist-sip" name="LineageOS/android_external_nist-sip" />
  <project path="external/noto-fonts" name="platform/external/noto-fonts" remote="aosp" revision="refs/tags/android-4.4.4_r2.0.1" />
  <project path="external/ntfs-3g" name="LineageOS/android_external_ntfs-3g" />
  <project path="external/oauth" name="LineageOS/android_external_oauth" />
  <project path="external/objenesis" name="platform/external/objenesis" remote="aosp" revision="refs/tags/android-4.4.4_r2.0.1" />
  <project path="external/okhttp" name="LineageOS/android_external_okhttp" />
  <project path="external/open-vcdiff" name="platform/external/open-vcdiff" remote="aosp" revision="refs/tags/android-4.4.4_r2.0.1" />
  <project path="external/opencv" name="LineageOS/android_external_opencv" />
  <project path="external/openfst" name="LineageOS/android_external_openfst" />
  <project path="external/openssh" name="LineageOS/android_external_openssh" />
  <project path="external/openssl" name="LineageOS/android_external_openssl" groups="pdk" />
  <project path="external/oprofile" name="LineageOS/android_external_oprofile" />
  <project path="external/pciutils" name="LineageOS/android_external_pciutils" />
  <project path="external/pigz" name="LineageOS/android_external_pigz" />
  <project path="external/pixman" name="platform/external/pixman" remote="aosp" revision="refs/tags/android-4.4.4_r2.0.1" />
  <project path="external/powertop" name="LineageOS/android_external_powertop" />
  <project path="external/ppp" name="LineageOS/android_external_ppp" />
  <project path="external/proguard" name="LineageOS/android_external_proguard" groups="pdk-java" />
  <project path="external/protobuf" name="LineageOS/android_external_protobuf" groups="pdk" />
  <project path="external/protobuf-c" name="LineageOS/android_external_protobuf-c" />
  <project path="external/qemu" name="LineageOS/android_external_qemu" />
  <project path="external/qemu-pc-bios" name="LineageOS/android_external_qemu-pc-bios" />
  <project path="external/qrngd" name="LineageOS/android_external_qrngd" />
  <project path="external/regex-re2" name="LineageOS/android_external_regex-re2" />
  <project path="external/replicaisland" name="LineageOS/android_external_replicaisland" />
  <project path="external/robolectric" name="platform/external/robolectric" remote="aosp" revision="refs/tags/android-4.4.4_r2.0.1" />
  <project path="external/rsync" name="LineageOS/android_external_rsync" />
  <project path="external/safe-iop" name="LineageOS/android_external_safe-iop" groups="pdk" />
  <project path="external/scrypt" name="platform/external/scrypt" groups="pdk" remote="aosp" revision="refs/tags/android-4.4.4_r2.0.1" />
  <project path="external/sepolicy" name="LineageOS/android_external_sepolicy" groups="pdk" />
  <project path="external/sfntly" name="LineageOS/android_external_sfntly" />
  <project path="external/sil-fonts" name="platform/external/sil-fonts" remote="aosp" revision="refs/tags/android-4.4.4_r2.0.1" />
  <project path="external/skia" name="LineageOS/android_external_skia" />
  <project path="external/smack" name="platform/external/smack" remote="aosp" revision="refs/tags/android-4.4.4_r2.0.1" />
  <project path="external/smali" name="LineageOS/android_external_smali" />
  <project path="external/sonivox" name="LineageOS/android_external_sonivox" groups="pdk" />
  <project path="external/speex" name="LineageOS/android_external_speex" groups="pdk" />
  <project path="external/spongycastle" name="LineageOS/android_external_spongycastle" groups="pdk" />
  <project path="external/sqlite" name="LineageOS/android_external_sqlite" groups="pdk" />
  <project path="external/square/dagger" name="LineageOS/android_external_square_dagger" />
  <project path="external/square/javawriter" name="LineageOS/android_external_square_javawriter" />
  <project path="external/srec" name="LineageOS/android_external_srec" />
  <project path="external/srtp" name="LineageOS/android_external_srtp" />
  <project path="external/stagefright-plugins" name="LineageOS/android_external_stagefright-plugins" />
  <project path="external/stlport" name="LineageOS/android_external_stlport" groups="pdk" />
  <project path="external/strace" name="LineageOS/android_external_strace" />
  <project path="external/stressapptest" name="LineageOS/android_external_stressapptest" />
  <project path="external/svox" name="platform/external/svox" remote="aosp" revision="refs/tags/android-4.4.4_r2.0.1" />
  <project path="external/tagsoup" name="LineageOS/android_external_tagsoup" />
  <project path="external/tcpdump" name="LineageOS/android_external_tcpdump" />
  <project path="external/timezonepicker-support" name="platform/external/timezonepicker-support" remote="aosp" revision="refs/tags/android-4.4.4_r2.0.1" />
  <project path="external/tinyalsa" name="LineageOS/android_external_tinyalsa" groups="pdk" />
  <project path="external/tinycompress" name="LineageOS/android_external_tinycompress" groups="pdk" />
  <project path="external/tinyxml" name="LineageOS/android_external_tinyxml" groups="pdk" />
  <project path="external/tinyxml2" name="LineageOS/android_external_tinyxml2" groups="pdk" />
  <project path="external/tremolo" name="LineageOS/android_external_tremolo" groups="pdk" />
  <project path="external/unrar" name="LineageOS/android_external_unrar" />
  <project path="external/v8" name="LineageOS/android_external_v8" />
  <project path="external/valgrind" name="LineageOS/android_external_valgrind" groups="pdk" />
  <project path="external/vim" name="LineageOS/android_external_vim" />
  <project path="external/webp" name="LineageOS/android_external_webp" />
  <project path="external/webrtc" name="LineageOS/android_external_webrtc" groups="pdk" />
  <project path="external/wpa_supplicant_8" name="LineageOS/android_external_wpa_supplicant_8" groups="pdk" />
  <project path="external/wpa_supplicant_8_ti" name="LineageOS/android_external_wpa_supplicant_8_ti" />
  <project path="external/xmlwriter" name="LineageOS/android_external_xmlwriter" />
  <project path="external/xmp_toolkit" name="LineageOS/android_external_xmp_toolkit" />
  <project path="external/yaffs2" name="LineageOS/android_external_yaffs2" groups="pdk" />
  <project path="external/zip" name="LineageOS/android_external_zip" />
  <project path="external/zlib" name="LineageOS/android_external_zlib" groups="pdk" />
  <project path="external/zxing" name="LineageOS/android_external_zxing" />
  <project path="frameworks/av" name="LineageOS/android_frameworks_av" groups="pdk" />
  <project path="frameworks/base" name="LineageOS/android_frameworks_base" />
  <project path="frameworks/compile/libbcc" name="LineageOS/android_frameworks_compile_libbcc" groups="pdk" />
  <project path="frameworks/compile/mclinker" name="LineageOS/android_frameworks_compile_mclinker" groups="pdk" />
  <project path="frameworks/compile/slang" name="LineageOS/android_frameworks_compile_slang" groups="pdk" />
  <project path="frameworks/ex" name="LineageOS/android_frameworks_ex" />
  <project path="frameworks/mff" name="LineageOS/android_frameworks_mff" />
  <project path="frameworks/ml" name="LineageOS/android_frameworks_ml" />
  <project path="frameworks/native" name="LineageOS/android_frameworks_native" groups="pdk" />
  <project path="frameworks/opt/calendar" name="LineageOS/android_frameworks_opt_calendar" />
  <project path="frameworks/opt/carddav" name="LineageOS/android_frameworks_opt_carddav" />
  <project path="frameworks/opt/colorpicker" name="LineageOS/android_frameworks_opt_colorpicker" />
  <project path="frameworks/opt/datetimepicker" name="LineageOS/android_frameworks_opt_datetimepicker" />
  <project path="frameworks/opt/emoji" name="LineageOS/android_frameworks_opt_emoji" />
  <project path="frameworks/opt/hardware" name="LineageOS/android_frameworks_opt_hardware" />
  <project path="frameworks/opt/inputmethodcommon" name="LineageOS/android_frameworks_opt_inputmethodcommon" />
  <project path="frameworks/opt/mailcommon" name="LineageOS/android_frameworks_opt_mailcommon" />
  <project path="frameworks/opt/mms" name="LineageOS/android_frameworks_opt_mms" />
  <project path="frameworks/opt/net/voip" name="LineageOS/android_frameworks_opt_net_voip" />
  <project path="frameworks/opt/photoviewer" name="LineageOS/android_frameworks_opt_photoviewer" />
  <project path="frameworks/opt/timezonepicker" name="LineageOS/android_frameworks_opt_timezonepicker" />
  <project path="frameworks/opt/telephony" name="LineageOS/android_frameworks_opt_telephony" groups="pdk" />
  <project path="frameworks/opt/telephony-msim" name="LineageOS/android_frameworks_opt_telephony-msim" />
  <project path="frameworks/opt/vcard" name="LineageOS/android_frameworks_opt_vcard" />
  <project path="frameworks/opt/widget" name="platform/frameworks/opt/widget" remote="aosp" revision="refs/tags/android-4.4.4_r2.0.1" />
  <project path="frameworks/rs" name="LineageOS/android_frameworks_rs" groups="pdk" />
  <project path="frameworks/support" name="LineageOS/android_frameworks_support" />
  <project path="frameworks/testing" name="LineageOS/android_frameworks_testing" />
  <project path="frameworks/volley" name="LineageOS/android_frameworks_volley" />
  <project path="frameworks/webview" name="LineageOS/android_frameworks_webview" />
  <project path="frameworks/wilhelm" name="LineageOS/android_frameworks_wilhelm" />
  <project path="hardware/akm" name="LineageOS/android_hardware_akm" groups="pdk" />
  <project path="hardware/broadcom/libbt" name="LineageOS/android_hardware_broadcom_libbt" groups="pdk" />
  <project path="hardware/broadcom/wlan" name="LineageOS/android_hardware_broadcom_wlan" groups="broadcom_wlan" />
  <project path="hardware/cm" name="LineageOS/android_hardware_cm" />
  <project path="hardware/invensense" name="LineageOS/android_hardware_invensense" groups="invensense" />
  <project path="hardware/libhardware" name="LineageOS/android_hardware_libhardware" groups="pdk" />
  <project path="hardware/libhardware_legacy" name="LineageOS/android_hardware_libhardware_legacy" groups="pdk" />
  <project path="hardware/qcom/audio" name="LineageOS/android_hardware_qcom_audio" groups="qcom" />
  <project path="hardware/qcom/audio-caf" name="LineageOS/android_hardware_qcom_audio-caf" groups="caf" />
  <project path="hardware/qcom/bt" name="LineageOS/android_hardware_qcom_bt" groups="qcom" />
  <project path="hardware/qcom/camera" name="LineageOS/android_hardware_qcom_camera" groups="qcom" />
  <project path="hardware/qcom/display" name="LineageOS/android_hardware_qcom_display" groups="qcom" />
  <project path="hardware/qcom/display-caf" name="LineageOS/android_hardware_qcom_display-caf" groups="caf" />
  <project path="hardware/qcom/gps" name="LineageOS/android_hardware_qcom_gps" groups="qcom" />
  <project path="hardware/qcom/keymaster" name="LineageOS/android_hardware_qcom_keymaster" groups="qcom" />
  <project path="hardware/qcom/media" name="LineageOS/android_hardware_qcom_media" groups="qcom" />
  <project path="hardware/qcom/media-caf" name="LineageOS/android_hardware_qcom_media-caf" groups="caf" />
  <project path="hardware/qcom/msm8960" name="LineageOS/android_hardware_qcom_msm8960" groups="qcom_msm8960" />
  <project path="hardware/qcom/msm8x74" name="LineageOS/android_hardware_qcom_msm8x74" groups="qcom_msm8x74" />
  <project path="hardware/qcom/power" name="LineageOS/android_hardware_qcom_power" />
  <project path="hardware/qcom/sensors" name="LineageOS/android_hardware_qcom_sensors" />
  <project path="hardware/qcom/wlan" name="LineageOS/android_hardware_qcom_wlan" />
  <project path="hardware/ril" name="LineageOS/android_hardware_ril" groups="pdk"  />
  <project path="hardware/samsung_slsi/exynos5" name="LineageOS/android_hardware_samsung_slsi_exynos5" />
  <project path="hardware/ti/omap3" name="LineageOS/android_hardware_ti_omap3" />
  <project path="hardware/ti/omap4xxx" name="LineageOS/android_hardware_ti_omap4xxx" />
  <project path="hardware/ti/wlan" name="LineageOS/android_hardware_ti_wlan" />
  <project path="hardware/ti/wpan" name="LineageOS/android_hardware_ti_wpan" />
  <project path="libcore" name="LineageOS/android_libcore" />
  <project path="libnativehelper" name="LineageOS/android_libnativehelper" groups="pdk-java" />
  <project path="ndk" name="platform/ndk" remote="aosp" revision="refs/tags/android-4.4.4_r2.0.1" />
  <project path="packages/apps/Apollo" name="LineageOS/android_packages_apps_Apollo" />
  <project path="packages/apps/BasicSmsReceiver" name="LineageOS/android_packages_apps_BasicSmsReceiver" />
  <project path="packages/apps/Bluetooth" name="LineageOS/android_packages_apps_Bluetooth" />
  <project path="packages/apps/BluetoothExt" name="LineageOS/android_packages_apps_BluetoothExt" />
  <project path="packages/apps/Browser" name="LineageOS/android_packages_apps_Browser" />
  <project path="packages/apps/Calculator" name="LineageOS/android_packages_apps_Calculator" />
  <project path="packages/apps/Calendar" name="LineageOS/android_packages_apps_Calendar" />
  <project path="packages/apps/Camera2" name="LineageOS/android_packages_apps_Camera2" />
  <project path="packages/apps/CellBroadcastReceiver" name="LineageOS/android_packages_apps_CellBroadcastReceiver" />
  <project path="packages/apps/CertInstaller" name="LineageOS/android_packages_apps_CertInstaller" />
  <project path="packages/apps/CMAccount" name="LineageOS/android_packages_apps_CMAccount" />
  <project path="packages/apps/CMBugReport" name="LineageOS/android_packages_apps_CMBugreport" />
  <project path="packages/apps/CMFileManager" name="LineageOS/android_packages_apps_CMFileManager" />
  <project path="packages/apps/CMHome" name="LineageOS/android_packages_apps_CMHome" />
  <project path="packages/apps/CMUpdater" name="LineageOS/android_packages_apps_CMUpdater" />
  <project path="packages/apps/CMWallpapers" name="LineageOS/android_packages_apps_CMWallpapers" />
  <project path="packages/apps/Contacts" name="LineageOS/android_packages_apps_Contacts" />
  <project path="packages/apps/ContactsCommon" name="LineageOS/android_packages_apps_ContactsCommon" />
  <project path="packages/apps/DeskClock" name="LineageOS/android_packages_apps_DeskClock" />
  <project path="packages/apps/Dialer" name="LineageOS/android_packages_apps_Dialer" />
  <project path="packages/apps/DSPManager" name="LineageOS/android_packages_apps_DSPManager" />
  <project path="packages/apps/Email" name="LineageOS/android_packages_apps_Email" />
  <project path="packages/apps/Exchange" name="LineageOS/android_packages_apps_Exchange" />
  <project path="packages/apps/Gallery2" name="LineageOS/android_packages_apps_Gallery2" />
  <project path="packages/apps/HTMLViewer" name="LineageOS/android_packages_apps_HTMLViewer" />
  <project path="packages/apps/InCallUI" name="LineageOS/android_packages_apps_InCallUI" />
  <project path="packages/apps/KeyChain" name="LineageOS/android_packages_apps_KeyChain" />
  <project path="packages/apps/LockClock" name="LineageOS/android_packages_apps_LockClock" />
  <project path="packages/apps/Mms" name="LineageOS/android_packages_apps_Mms-caf" />
  <project path="packages/apps/Nfc" name="LineageOS/android_packages_apps_Nfc" />
  <project path="packages/apps/OneTimeInitializer" name="platform/packages/apps/OneTimeInitializer" remote="aosp" revision="refs/tags/android-4.4.4_r2.0.1" />
  <project path="packages/apps/PackageInstaller" name="LineageOS/android_packages_apps_PackageInstaller" />
  <project path="packages/apps/PhoneCommon" name="LineageOS/android_packages_apps_PhoneCommon" />
  <project path="packages/apps/Provision" name="LineageOS/android_packages_apps_Provision" />
  <project path="packages/apps/Settings" name="LineageOS/android_packages_apps_Settings" />
  <project path="packages/apps/SmartCardService" name="LineageOS/android_packages_apps_SmartCardService" />
  <project path="packages/apps/SoundRecorder" name="LineageOS/android_packages_apps_SoundRecorder" />
  <project path="packages/apps/SpeechRecorder" name="LineageOS/android_packages_apps_SpeechRecorder" />
  <project path="packages/apps/Stk" name="LineageOS/android_packages_apps_Stk" />
  <project path="packages/apps/Tag" name="LineageOS/android_packages_apps_Tag" />
  <project path="packages/apps/ThemeChooser" name="LineageOS/android_packages_apps_ThemeChooser" />
  <project path="packages/apps/Torch" name="LineageOS/android_packages_apps_Torch" />
  <project path="packages/apps/Trebuchet" name="LineageOS/android_packages_apps_Trebuchet" />
  <project path="packages/apps/UnifiedEmail" name="LineageOS/android_packages_apps_UnifiedEmail" />
  <project path="packages/apps/VideoEditor" name="LineageOS/android_packages_apps_VideoEditor" />
  <project path="packages/apps/VoiceDialer" name="LineageOS/android_packages_apps_VoiceDialer" />
  <project path="packages/apps/VoicePlus" name="LineageOS/android_packages_apps_VoicePlus" />
  <project path="packages/experimental" name="LineageOS/android_packages_experimental" />
  <project path="packages/inputmethods/LatinIME" name="LineageOS/android_packages_inputmethods_LatinIME" />
  <project path="packages/inputmethods/OpenWnn" name="LineageOS/android_packages_inputmethods_OpenWnn" />
  <project path="packages/inputmethods/PinyinIME" name="LineageOS/android_packages_inputmethods_PinyinIME" />
  <project path="packages/providers/ApplicationsProvider" name="LineageOS/android_packages_providers_ApplicationsProvider" />
  <project path="packages/providers/CalendarProvider" name="LineageOS/android_packages_providers_CalendarProvider" />
  <project path="packages/providers/ContactsProvider" name="LineageOS/android_packages_providers_ContactsProvider" />
  <project path="packages/providers/DownloadProvider" name="LineageOS/android_packages_providers_DownloadProvider" />
  <project path="packages/providers/MediaProvider" name="LineageOS/android_packages_providers_MediaProvider" />
  <project path="packages/providers/PartnerBookmarksProvider" name="LineageOS/android_packages_providers_PartnerBookmarksProvider" />
  <project path="packages/providers/TelephonyProvider" name="LineageOS/android_packages_providers_TelephonyProvider" />
  <project path="packages/providers/ThemesProvider" name="LineageOS/android_packages_providers_ThemesProvider" />
  <project path="packages/providers/UserDictionaryProvider" name="LineageOS/android_packages_providers_UserDictionaryProvider" />
  <project path="packages/screensavers/Basic" name="LineageOS/android_packages_screensavers_Basic" />
  <project path="packages/screensavers/PhotoTable" name="LineageOS/android_packages_screensavers_PhotoTable" />
  <project path="packages/screensavers/WebView" name="LineageOS/android_packages_screensavers_WebView" />
  <project path="packages/services/Telephony" name="LineageOS/android_packages_services_Telephony" />
  <project path="packages/wallpapers/Basic" name="LineageOS/android_packages_wallpapers_Basic" />
  <project path="packages/wallpapers/Galaxy4" name="LineageOS/android_packages_wallpapers_Galaxy4" />
  <project path="packages/wallpapers/HoloSpiral" name="LineageOS/android_packages_wallpapers_HoloSpiral" />
  <project path="packages/wallpapers/LivePicker" name="LineageOS/android_packages_wallpapers_LivePicker" />
  <project path="packages/wallpapers/MagicSmoke" name="LineageOS/android_packages_wallpapers_MagicSmoke" />
  <project path="packages/wallpapers/MusicVisualization" name="LineageOS/android_packages_wallpapers_MusicVisualization" />
  <project path="packages/wallpapers/NoiseField" name="LineageOS/android_packages_wallpapers_NoiseField" />
  <project path="packages/wallpapers/PhaseBeam" name="LineageOS/android_packages_wallpapers_PhaseBeam" />
  <project path="packages/wallpapers/PhotoPhase" name="LineageOS/android_packages_wallpapers_PhotoPhase" />
  <project path="pdk" name="platform/pdk" remote="aosp" revision="refs/tags/android-4.4.4_r2.0.1" groups="pdk" />
  <project path="prebuilt" name="LineageOS/android_prebuilt" />
  <project path="prebuilts/clang/darwin-x86/3.1" name="platform/prebuilts/clang/darwin-x86/3.1" groups="darwin" remote="aosp" revision="refs/tags/android-4.4.4_r2.0.1" />
  <project path="prebuilts/clang/darwin-x86/3.2" name="platform/prebuilts/clang/darwin-x86/3.2" groups="darwin" remote="aosp" revision="refs/tags/android-4.4.4_r2.0.1" />
  <project path="prebuilts/clang/darwin-x86/arm/3.3" name="platform/prebuilts/clang/darwin-x86/arm/3.3" groups="darwin,arm" remote="aosp" revision="refs/tags/android-4.4.4_r2.0.1" />
  <project path="prebuilts/clang/darwin-x86/host/3.3" name="platform/prebuilts/clang/darwin-x86/host/3.3" groups="darwin" remote="aosp" revision="refs/tags/android-4.4.4_r2.0.1" />
  <project path="prebuilts/clang/darwin-x86/mips/3.3" name="platform/prebuilts/clang/darwin-x86/mips/3.3" groups="darwin,mips" remote="aosp" revision="refs/tags/android-4.4.4_r2.0.1" />
  <project path="prebuilts/clang/darwin-x86/x86/3.3" name="platform/prebuilts/clang/darwin-x86/x86/3.3" groups="darwin,x86" remote="aosp" revision="refs/tags/android-4.4.4_r2.0.1" />
  <project path="prebuilts/clang/linux-x86/3.1" name="platform/prebuilts/clang/linux-x86/3.1" groups="linux" remote="aosp" revision="refs/tags/android-4.4.4_r2.0.1" />
  <project path="prebuilts/clang/linux-x86/3.2" name="platform/prebuilts/clang/linux-x86/3.2" groups="linux" remote="aosp" revision="refs/tags/android-4.4.4_r2.0.1" />
  <project path="prebuilts/clang/linux-x86/arm/3.3" name="platform/prebuilts/clang/linux-x86/arm/3.3" groups="linux,arm" remote="aosp" revision="refs/tags/android-4.4.4_r2.0.1" />
  <project path="prebuilts/clang/linux-x86/host/3.3" name="platform/prebuilts/clang/linux-x86/host/3.3" groups="linux" remote="aosp" revision="refs/tags/android-4.4.4_r2.0.1" />
  <project path="prebuilts/clang/linux-x86/mips/3.3" name="platform/prebuilts/clang/linux-x86/mips/3.3" groups="linux,mips" remote="aosp" revision="refs/tags/android-4.4.4_r2.0.1" />
  <project path="prebuilts/clang/linux-x86/x86/3.3" name="platform/prebuilts/clang/linux-x86/x86/3.3" groups="linux,x86" remote="aosp" revision="refs/tags/android-4.4.4_r2.0.1" />
  <project path="prebuilts/devtools" name="platform/prebuilts/devtools" remote="aosp" revision="refs/tags/android-4.4.4_r2.0.1" />
  <project path="prebuilts/eclipse" name="platform/prebuilts/eclipse" remote="aosp" revision="refs/tags/android-4.4.4_r2.0.1" />
  <project path="prebuilts/gcc/darwin-x86/x86/x86_64-linux-android-4.7" name="platform/prebuilts/gcc/darwin-x86/x86/x86_64-linux-android-4.7" groups="pdk,darwin,x86" remote="aosp" revision="refs/tags/android-4.4.4_r2.0.1" />
  <project path="prebuilts/gcc/darwin-x86/arm/arm-eabi-4.6" name="platform/prebuilts/gcc/darwin-x86/arm/arm-eabi-4.6" groups="darwin,arm" remote="aosp" revision="refs/tags/android-4.4.4_r2.0.1" />
  <project path="prebuilts/gcc/darwin-x86/arm/arm-eabi-4.7" name="platform/prebuilts/gcc/darwin-x86/arm/arm-eabi-4.7" remote="aosp" groups="pdk,darwin,arm" revision="refs/tags/android-4.4.4_r2.0.1" />
  <project path="prebuilts/gcc/darwin-x86/arm/arm-linux-androideabi-4.6" name="platform/prebuilts/gcc/darwin-x86/arm/arm-linux-androideabi-4.6" groups="darwin,arm" remote="aosp" revision="refs/tags/android-4.4.4_r2.0.1" />
  <project path="prebuilts/gcc/darwin-x86/arm/arm-linux-androideabi-4.7" name="platform/prebuilts/gcc/darwin-x86/arm/arm-linux-androideabi-4.7" groups="pdk,darwin,arm" remote="aosp" revision="refs/tags/android-4.4.4_r2.0.1" />
  <project path="prebuilts/gcc/darwin-x86/host/headers" name="platform/prebuilts/gcc/darwin-x86/host/headers" groups="pdk,darwin" remote="aosp" revision="refs/tags/android-4.4.4_r2.0.1" />
  <project path="prebuilts/gcc/darwin-x86/host/i686-apple-darwin-4.2.1" name="platform/prebuilts/gcc/darwin-x86/host/i686-apple-darwin-4.2.1" groups="pdk,darwin" remote="aosp" revision="refs/tags/android-4.4.4_r2.0.1" />
  <project path="prebuilts/gcc/darwin-x86/mips/mipsel-linux-android-4.6" name="platform/prebuilts/gcc/darwin-x86/mips/mipsel-linux-android-4.6" groups="darwin,mips" remote="aosp" revision="refs/tags/android-4.4.4_r2.0.1" />
  <project path="prebuilts/gcc/darwin-x86/mips/mipsel-linux-android-4.7" name="platform/prebuilts/gcc/darwin-x86/mips/mipsel-linux-android-4.7" groups="pdk,darwin,mips" remote="aosp" revision="refs/tags/android-4.4.4_r2.0.1" />
  <project path="prebuilts/gcc/darwin-x86/x86/i686-linux-android-4.6" name="platform/prebuilts/gcc/darwin-x86/x86/i686-linux-android-4.6" groups="darwin,x86" remote="aosp" revision="refs/tags/android-4.4.4_r2.0.1" />
  <project path="prebuilts/gcc/darwin-x86/x86/i686-linux-android-4.7" name="platform/prebuilts/gcc/darwin-x86/x86/i686-linux-android-4.7" groups="pdk,darwin,x86" remote="aosp" revision="refs/tags/android-4.4.4_r2.0.1" />
  <project path="prebuilts/gcc/linux-x86/arm/arm-eabi-4.6" name="platform/prebuilts/gcc/linux-x86/arm/arm-eabi-4.6" groups="linux,arm" remote="aosp" revision="refs/tags/android-4.4.4_r2.0.1" />
  <project path="prebuilts/gcc/linux-x86/arm/arm-eabi-4.7" name="platform/prebuilts/gcc/linux-x86/arm/arm-eabi-4.7" groups="pdk,linux,arm" remote="aosp" revision="refs/tags/android-4.4.4_r2.0.1" />
  <project path="prebuilts/gcc/linux-x86/arm/arm-linux-androideabi-4.6" name="platform/prebuilts/gcc/linux-x86/arm/arm-linux-androideabi-4.6" groups="linux,arm" remote="aosp" revision="refs/tags/android-4.4.4_r2.0.1" />
  <project path="prebuilts/gcc/linux-x86/arm/arm-linux-androideabi-4.7" name="platform/prebuilts/gcc/linux-x86/arm/arm-linux-androideabi-4.7" groups="pdk,linux,arm" remote="aosp" revision="refs/tags/android-4.4.4_r2.0.1" />
  <project path="prebuilts/gcc/linux-x86/host/i686-linux-glibc2.7-4.4.3" name="platform/prebuilts/gcc/linux-x86/host/i686-linux-glibc2.7-4.4.3" groups="linux" remote="aosp" revision="refs/tags/android-4.4.4_r2.0.1" />
  <project path="prebuilts/gcc/linux-x86/host/i686-linux-glibc2.7-4.6" name="platform/prebuilts/gcc/linux-x86/host/i686-linux-glibc2.7-4.6" groups="linux" remote="aosp" revision="refs/tags/android-4.4.4_r2.0.1" />
  <project path="prebuilts/gcc/linux-x86/host/x86_64-linux-glibc2.7-4.6" name="platform/prebuilts/gcc/linux-x86/host/x86_64-linux-glibc2.7-4.6" groups="linux" remote="aosp" revision="refs/tags/android-4.4.4_r2.0.1" />
  <project path="prebuilts/gcc/linux-x86/mips/mipsel-linux-android-4.6" name="platform/prebuilts/gcc/linux-x86/mips/mipsel-linux-android-4.6" groups="linux,mips" remote="aosp" revision="refs/tags/android-4.4.4_r2.0.1" />
  <project path="prebuilts/gcc/linux-x86/mips/mipsel-linux-android-4.7" name="platform/prebuilts/gcc/linux-x86/mips/mipsel-linux-android-4.7" groups="pdk,linux,mips" remote="aosp" revision="refs/tags/android-4.4.4_r2.0.1" />
  <project path="prebuilts/gcc/linux-x86/x86/i686-linux-android-4.6" name="platform/prebuilts/gcc/linux-x86/x86/i686-linux-android-4.6" groups="linux,x86" remote="aosp" revision="refs/tags/android-4.4.4_r2.0.1" />
  <project path="prebuilts/gcc/linux-x86/x86/i686-linux-android-4.7" name="platform/prebuilts/gcc/linux-x86/x86/i686-linux-android-4.7" groups="pdk,linux,x86" remote="aosp" revision="refs/tags/android-4.4.4_r2.0.1" />
  <project path="prebuilts/gcc/linux-x86/x86/x86_64-linux-android-4.7" name="platform/prebuilts/gcc/linux-x86/x86/x86_64-linux-android-4.7" groups="pdk,linux,x86" remote="aosp" revision="refs/tags/android-4.4.4_r2.0.1" />
  <project path="prebuilts/misc" name="LineageOS/android_prebuilts_misc" groups="pdk" />
  <project path="prebuilts/ndk" name="platform/prebuilts/ndk" remote="aosp" revision="refs/tags/android-4.4.4_r2.0.1" groups="pdk" />
  <project path="prebuilts/python/darwin-x86/2.7.5" name="platform/prebuilts/python/darwin-x86/2.7.5" groups="darwin" remote="aosp" revision="refs/tags/android-4.4.4_r2.0.1" />
  <project path="prebuilts/python/linux-x86/2.7.5" name="platform/prebuilts/python/linux-x86/2.7.5" groups="linux" remote="aosp" revision="refs/tags/android-4.4.4_r2.0.1" />
  <project path="prebuilts/qemu-kernel" name="platform/prebuilts/qemu-kernel" remote="aosp" revision="refs/tags/android-4.4.4_r2.0.1" groups="pdk" />
  <project path="prebuilts/runtime" name="platform/prebuilts/runtime" remote="aosp" revision="refs/tags/android-4.4.4_r2.0.1" />
  <project path="prebuilts/sdk" name="platform/prebuilts/sdk" remote="aosp" revision="refs/tags/android-4.4.4_r2.0.1" groups="pdk" />
  <project path="prebuilts/tools" name="platform/prebuilts/tools" remote="aosp" revision="refs/tags/android-4.4.4_r2.0.1" groups="pdk,tools" />
  <project path="sdk" name="LineageOS/android_sdk" />
  <project path="system/ca-certificates" name="platform/system/ca-certificates" groups="pdk" remote="aosp" revision="refs/tags/android-8.1.0_r4" />
  <project path="system/core" name="LineageOS/android_system_core" groups="pdk" />
  <project path="system/extras" name="LineageOS/android_system_extras" groups="pdk" />
  <project path="system/media" name="LineageOS/android_system_media" groups="pdk" />
  <project path="system/netd" name="LineageOS/android_system_netd" groups="pdk" />
  <project path="system/qcom" name="LineageOS/android_system_qcom" groups="qcom" />
  <project path="system/security" name="LineageOS/android_system_security" groups="pdk" />
  <project path="system/vold" name="LineageOS/android_system_vold" groups="pdk" />
  <project path="tools/adt/eclipse" name="platform/tools/adt/eclipse" groups="notdefault,tools" remote="aosp" revision="refs/tags/android-4.4.4_r2.0.1" />
  <project path="tools/adt/idea" name="platform/tools/adt/idea" groups="notdefault,tools" remote="aosp" revision="refs/tags/android-4.4.4_r2.0.1" />
  <project path="tools/base" name="platform/tools/base" groups="notdefault,tools" remote="aosp" revision="refs/tags/android-4.4.4_r2.0.1" />
  <project path="tools/build" name="platform/tools/build" groups="notdefault,tools" remote="aosp" revision="refs/tags/android-4.4.4_r2.0.1" />
  <project path="tools/emulator" name="platform/tools/emulator" groups="notdefault,tools" remote="aosp" revision="refs/tags/android-4.4.4_r2.0.1" />  
  <project path="tools/external/fat32lib" name="platform/tools/external/fat32lib" groups="tools" remote="aosp" revision="refs/tags/android-4.4.4_r2.0.1" />
  <project path="tools/external/gradle" name="platform/tools/external/gradle" groups="tools" remote="aosp" revision="refs/tags/android-4.4.4_r2.0.1" />
  <project path="tools/idea" name="platform/tools/idea" groups="notdefault,tools" remote="aosp" revision="refs/tags/android-4.4.4_r2.0.1" />
  <project path="tools/studio/cloud" name="platform/tools/studio/cloud" groups="notdefault,tools" remote="aosp" revision="refs/tags/android-4.4.4_r2.0.1" />
  <project path="tools/swt" name="platform/tools/swt" groups="notdefault,tools" remote="aosp" revision="refs/tags/android-4.4.4_r2.0.1" />
  <project path="vendor/cm" name="LineageOS/android_vendor_cm" >
    <copyfile src="bootimage/Android.mk" dest="kernel/Android.mk" />
  </project>
</manifest>
