<?xml version="1.0" encoding="UTF-8"?>
<manifest>
<remote name="lineage" fetch="https://github.com/LineageOS/" />
<remote name="thlg" fetch="https://github.com/TeamHackLG/" />
   <!-- Device Folders, Kernel & Proprietary BLOBS -->
     <project path="vendor/huawei" name="CM13-Y300/proprietary_vendor_huawei" remote="github" revision="cm-13.0"/>
     <project path="kernel/huawei/huawei-kernel-3.4" name="SlimLP-Y300/chil360-kernel" remote="github" revision="mm6.0"/>
     <project path="device/huawei/msm7x27a-common" name="SlimLP-Y300/android_device_huawei_msm7x27a-common" remote="github" revision="mm6.0"/>
     <project path="device/huawei/u8833" name="SlimLP-Y300/android_device_huawei_u8833" remote="github" revision="mm6.0"/>
     <project path="device/huawei/u8951" name="SlimLP-Y300/android_device_huawei_u8951" remote="github" revision="mm6.0"/>
     <project path="device/huawei/u8825" name="SlimLP-Y300/android_device_huawei_u8825" remote="github" revision="mm6.0"/>

     <!-- WIFI -->
     <project path="hardware/atheros/wifi/ath6kl-huawei" name="SlimLP-Y300/android_hardware_atheros_wifi_ath6kl-huawei" remote="github" revision="master" />
   <!-- alternative project path="hardware/atheros/wifi/ath6kl-huawei" name="knoelli/android_hardware_atheros_wifi_ath6kl" remote="github" revision="u8833" /-->  
   <project path="hardware/atheros/wlan" name="CM13-Y300/android_hardware_atheros_wlan" remote="github" revision="cm-13.0" />

     <!-- GPS -->
     <project path="hardware/qcom/gps" name="CM13-Y300/android_hardware_qcom_gps" remote="github" revision="cm-13.0" />

     <project path="external/stlport" name="android_external_stlport" revision="cm-14.1" remote="lineage" />
     <!-- QCOM Hardware -->
   <project path="hardware/qcom/display-caf/msm7x27a" name="android_hardware_qcom_display-caf_msm7x27a" revision="cm-14.1" remote="thlg" />
   <project path="hardware/qcom/media-caf/msm7x27a" name="android_hardware_qcom_media-caf_msm7x27a" revision="cm-14.1" remote="thlg" />
   <!-- common devices and custom toolchain -->
     <project path="prebuilt" name="SlimRoms/android_prebuilt" remote="github" revision="mm6.0" />
</manifest>
